agency,crosswalk_correction
Department of State Police,Virginia State Police
Waverly Police Department,Waverly Police Department
Chesapeake City Police Department,Chesapeake Police Department
Lynchburg City Police Department,Lynchburg Police Department
Salem City Police Department,Salem Police Department
Roanoke Police Department,Roanoke City Police Department
Richmond City Police Department,Richmond Police Department
Washington Metro Area Transit Police Dept.,Washington Metro Area Transit Pd
Norfolk City Police Department,Norfolk Police Department
Chesterfield County Sheriff's Office,Chesterfield County Sheriff`s Office
Goochland County Sheriff's Office,Goochland County Sheriff`s Office
Virginia Port Authority Police Department,Virginia Port Authority Police Dept.
Northampton County Sheriff's Office,Northampton County Sheriff`s Office
Pittsylvania County Sheriff's Office,Pittsylvania County Sheriff`s Office
Virginia Department of Wildlife Resources,Virginia Department Of Wildlife Resources