agency,crosswalk_correction,emma_check
Westmorland County Sheriff's Office,Westmoreland County Sheriff`s Office,1
King & Queen County Sheriff's Office,King & Queen County Sheriff`s Office,1
Chesterfield Police Department,Chesterfield County Police Department,1
Virginia Commonwealth University Police Department,Virginia Commonwealth University Police Dept.,1
Powhattan Sheriff's Office,Powhatan County Sheriff's Office,1
Richmond City Police Department,Richmond Police Department,1
Washington County Sheriff's Office,Washington County Sheriff`s Office,1
Spotsylvania County Sheriff's Office,Spotsylvania County Sheriff`s Office,1
Rappahanock Regional Jail,Rappahannock Regional Jail,1
Frederick County Sheriff's Office,Frederick County Sheriff`s Office,1
Alexandria Sheriff's Office,Alexandria City Sheriff's Office,1
Metro Washington Airports Authority Police Department,Metro Washington Airport Authority Pd,1
Shenandoah Country Sherriff's Office,Shenandoah County Sheriff`s Office,1
Rockbridge County Sheriff's Office,Rockbridge County Sheriff`s Office,1